{"cameraMode":{"drawMode":0,"name":"Shaded","section":"Shading Mode"},"sceneLighting":false,"audioPlay":false,"sceneViewState":{"m_AlwaysRefresh":false,"showFog":true,"showSkybox":false,"showFlares":true,"showImageEffects":true,"showParticleSystems":true,"showVisualEffectGraphs":true,"m_FxEnabled":true},"in2DMode":false,"pivot":{"x":0.013172149658203125,"y":0.43975281715393069,"z":0.05898308753967285},"rotation":{"x":0.356769323348999,"y":-0.003367871046066284,"z":0.0012861451832577587,"w":0.9341853857040405},"size":3.384563684463501,"orthographic":false}